ID,video,vs,subs,text
4378,disgust,neutrality,neutrality,Ik heb iets anders ontdekt.
3530,anger,neutrality,neutrality,"Jij, fiets alsjeblieft even naar het centrum voor de ballonnen."
1233,anger,anger,sadness,Ook voor ons. Wij kregen een kindje en... toen had je die miskraam.
2711,neutrality,neutrality,neutrality,Dank je wel.
2046,neutrality,neutrality,neutrality,Het is ook belangrijk dat iemand 't hoofd koel houdt.
2658,sadness,anger,anger,Als dat echt zo was dan had je me dit nooit geflikt.
449,happiness,happiness,neutrality,"Hee, ik heb een nieuwe locatie voor de bruiloft geregeld."
369,surprise,sadness,sadness,"Tot de dood ons scheidt, dat duurt niet lang, he."
2912,disgust,neutrality,neutrality,Ze doet dit voor Bing. Ze zegt 't niet uit zichzelf.
2305,disgust,surprise,anger,Maar hoe... Dit kan niet. Kennelijk wel.
2904,anger,anger,anger,"Jij hebt ervoor gekozen om m'n huwelijk op 't spel te zetten. Daar hebben wij niet om gevraagd, maar we hebben 't opgelost. Ik ben veel beter af zonder jou."
4651,neutrality,happiness,fear,En ik wil 't heel graag nu afmaken. Ik heb namelijk 'n deadline. Ik heb met Spectrum' afgesproken... dat ze 't morgen al plaatsen.
346,disgust,neutrality,neutrality,Alsof wij nooit extreme dingen hebben gedaan.
1350,anger,anger,neutrality,Ik ben dan misschien iemand zonder mening... maar Sjoerd heeft 't hier moeilijk mee.
649,fear,surprise,surprise,Zijn er problemen thuis?
3334,disgust,neutrality,neutrality,Echtheid. Die willen mensen zien die durven laten zien dat ze onzeker zijn. Die janken. Die ook filmen als het slecht gaat.
2822,neutrality,surprise,neutrality,Geen spoor?
1900,sadness,sadness,happiness,Ik ben ook niet klaar met jou.
3676,fear,neutrality,neutrality,"Het is blijkbaar makkelijker om 'n rekening te blokkeren, dan om hem te heropenen."
1211,disgust,sadness,neutrality,"Ik wil alleen een kind en een leven met jou, maar Teddy heeft me nodig."
715,anger,fear,neutrality,Waar is ze?
2695,neutrality,sadness,sadness,Laten we dit allebei zien als een afsluiting.
629,surprise,anger,neutrality,Waar is ze?
8361,disgust,neutrality,surprise,"Dat geloof ik niet, dat het er niet meer is."
110,surprise,neutrality,happiness,Leon. Dank je.
3002,anger,neutrality,sadness,Thijs heeft inwendig zware beschadigingen opgelopen.
3942,sadness,neutrality,neutrality,misschien komt het dan weer goed tussen jou en Thijs.
3468,neutrality,sadness,sadness,Ik ben een eikel.
396,happiness,surprise,sadness,"Als je van iemand houdt, wil je trouwen. Dan doet leeftijd er niet meer toe. Dat begrijp jij natuurlijk niet."
3306,happiness,happiness,happiness,"Als je 't feest nog 'n keer over wil doen, kan 't altijd hier."
412,anger,anger,anger,Achterbakse bitch. Je hebt gewoon maandenlang gelogen.
3472,fear,sadness,sadness,"Maar Kas, ik wil dat je weet dat... dat wat de uitslag ook is... ik neem jou niks kwalijk."
4163,surprise,fear,neutrality,Je hebt het toch weleens eerder gedaan? Kun je niet gewoon doen alsof hij 'n patient is?
67,neutrality,sadness,neutrality,"Heeft ze hem laten vermoorden? Weet ik niet, echt niet."
1002,surprise,surprise,surprise,Dat weet je zeker?
5688,fear,anger,happiness,Vriendschap is belangrijker dan geld.
1074,disgust,fear,surprise,"Dat snap ik. Je zegt net zelf dat Thijs zich nu laat testen, toch? Wat als ie geschikt is?"
3578,disgust,neutrality,neutrality,"Neem mijn auto, we redden ons wel."
1292,sadness,sadness,sadness,Het zit niet goed.
2591,neutrality,neutrality,neutrality,Heb geinformeerd naar de toestand van Teddy… maar van m'n collega's hoorde ik dat Rik nu geopereerd wordt.
2949,neutrality,neutrality,anger,Alsof jij er wat aan kan doen.
7659,anger,anger,neutrality,Rikki weet hoe ze dat moet vertellen.
3418,anger,fear,anger,Niet zeggen. Dit kan zo echt niet langer.
4965,happiness,happiness,neutrality,"Nee, niks meer gehoord."
8229,anger,neutrality,disgust,Per ongeluk. Op die foto leek 't net alsof ze aan 't zoenen waren... en toen heeft mama me uitgelegd dat 't niet zo was. En ik geloof haar en niet hem.
351,neutrality,anger,anger,Geen behoefte aan.
2160,neutrality,sadness,disgust,"Een paar shotjes en ik ga al out, wat een afgang."
3885,neutrality,anger,neutrality,Dan kies je een datum en een tijd.
399,happiness,happiness,neutrality,Laten we even gaan zitten.
980,neutrality,neutrality,neutrality,"Ja, een halfjaar of zo."
1219,neutrality,fear,anger,Wil je naar me luisteren en dan pas beslissen hoe je hiermee omgaat?
4386,neutrality,neutrality,disgust,"Hij heeft een strafblad. Fraude, witwassen, omkoping."
2044,neutrality,neutrality,neutrality,"Ik niet, want als croupier zal ik nuchter moeten blijven"
7721,neutrality,neutrality,fear,"Ik ook, maar als ze niet lekker is... Haar afweer is nog niet helemaal in orde. Ze is nog zo kwetsbaar."
514,neutrality,neutrality,happiness,"Ja, ik laat het je weten als er iets verandert. Thijs... ik hou van je. Ik wil dat je dat weet. Doei."
4436,neutrality,neutrality,neutrality,Iemand heeft bij de bekend dat hij schuldig is aan de fraude. Ene Hamersma.
4737,neutrality,surprise,surprise,sorry. Wat?
5766,neutrality,happiness,surprise,Ja?
4344,neutrality,neutrality,neutrality,"Ja, z'n 'image'."
5383,neutrality,happiness,neutrality,"Fruit, lekker. Deze is voor Teddy."
3347,neutrality,neutrality,sadness,Ik wil niet tussen jou en je moeder komen.
3105,neutrality,anger,anger,Je beseft dat Nina hier doodongelukkig van wordt?
4252,happiness,happiness,happiness,"Teddy haalt 't waarschijnlijk, dankzij jou."
1138,happiness,happiness,neutrality,Ik ben er.
663,happiness,happiness,anger,Je gedraagt je als 'n idioot.
814,neutrality,sadness,sadness,Ik hou m'n hele leven spijt als ik niet met 'm trouw.
1240,sadness,neutrality,neutrality,Ik moet naar het ziekenhuis
3186,anger,anger,anger,Dus gooi je m'n hele priveleven op internet?
2893,neutrality,fear,surprise,"Maar schat, een time- out zou ik nog kunnen begrijpen, maar... Is dat niet 'n betere oplossing?"
3164,neutrality,sadness,sadness,Dank je. Mijn vader moet de rest van z'n leven medicijnen slikken... en het heeft helemaal niks veranderd. Teddy vecht nog steeds voor haar leven.
510,neutrality,anger,neutrality,Ik heb net dokter Lagerman gesproken.
1893,anger,fear,sadness,Ik wil je helemaal niet kwijt. Jij bent belangrijker dan wat dan ook.
618,neutrality,surprise,neutrality,Gaat alles goed hier?
5810,neutrality,sadness,fear,Dat zeg je omdat je anders je dochter kwijtraakt.
7421,neutrality,anger,anger,Jij zeurde maar door over Felix.
3176,neutrality,anger,disgust,"Dat ze met me op de foto willen ok, maar dit gaat wel heel ver."
164,neutrality,neutrality,neutrality,Wat heeft Marcus je allemaal verteld over de afgelopen weken?
3128,neutrality,sadness,neutrality,Heb je veel pijn?
1552,neutrality,happiness,neutrality,"Kom nou hier, het is ok."
1765,neutrality,neutrality,neutrality,Maar vrijheid lijkt me in jouw geval toch een vooruitgang.
2117,surprise,surprise,anger,Weer. Altijd geluk.
4448,neutrality,neutrality,neutrality,Misschien was hij bang om ontmaskerd te worden. Dacht hij: ik ga zelf naar de voor strafvermindering.
97,neutrality,surprise,neutrality,"Wat heeft die vrouw tegen Ludo? Weet ik niet, ect niet."
4283,neutrality,sadness,neutrality,"Sjoerd zat er zo doorheen, door dat hele gedoe met Aysen en Teddy."
4584,happiness,neutrality,surprise,Jij denkt iemand binnen Sanders Inc.?
3952,neutrality,neutrality,neutrality,Ik kom ook net uit het ziekenhuis. Ik was bij Rik op bezoek. Hij nam me mee naar Teddy.
3534,happiness,surprise,neutrality,"ok, en wat houdt dat dan in?"
2062,surprise,surprise,neutrality,"En als je haar vindt, wat dan?"
1799,surprise,neutrality,disgust,"Kay, ik wil geen winterwandeling voor twee. Of chocolademelk bij 'n haardvuur."
2853,anger,anger,anger,Je hebt niks meer met haar te maken. Ik verbied je om te komen.
1155,neutrality,sadness,anger,Ze is niet jouw dochter.
5146,happiness,happiness,happiness,"Ja, dat is een goed plan. Wij dachten eerst aan wijn en cocktails."
7527,neutrality,neutrality,neutrality,Die geste heb ik zeer gewaardeerd. Maar dit staat er los van.
6603,neutrality,neutrality,happiness,"Als jij me een lijstje kunt geven dan pleeg ik wat telefoontjes en leg ze uit waarom 't veel beter is om nu te verkopen, aan mij."
763,neutrality,neutrality,happiness,Goed.
2582,sadness,sadness,neutrality,Is er nog nieuws?
2649,disgust,disgust,anger,Wat? Dat je leugens zijn uitgekomen?
3661,neutrality,neutrality,neutrality,Ook al betekent dat dat iemand anders er vanavond niet is.
2439,neutrality,happiness,happiness,Net zo mooi als op onze bruiloft.
2637,anger,anger,anger,Je liegt.
148,neutrality,neutrality,neutrality,Laat Ludo zijn eigen mensen erop zetten.
658,neutrality,sadness,neutrality,Ik weet niet of het er wel nog steeds is.
1053,neutrality,neutrality,sadness,"Luister, ik ga niet dood of zo."
2012,neutrality,neutrality,neutrality,Heeft hij Malena misschien gevonden?
3621,neutrality,anger,happiness,Mijn pa is ook een lul. Daar heb ik me heel lang druk om gemaakt. Maar nu bestaat ie niet meer voor me. En het gaat prima zonder hem.
382,happiness,happiness,happiness,Dan ben ik toch alleen maar heel blij voor jullie.
2583,neutrality,neutrality,neutrality,"Nee. Maar Waterman is een goede arts, dus... Heb je al iets van Sam gehoord?"
1760,sadness,fear,surprise,Waarom doe je dit?
2080,neutrality,sadness,neutrality,"Ja, maar ik heb jou ook nodig."
295,sadness,fear,neutrality,Heeft ze je nog benaderd na de laatste aanslag?
1340,disgust,anger,fear,Het belangrijkste is dat ik zo snel mogelijk op die operatietafel lig.
5007,neutrality,neutrality,happiness,"Ik ben superenthousiast, maar we hadden 't net over Rikki."
3846,sadness,sadness,sadness,"Dat moet hij zelf beslissen, het is een zware operatie. Daar weet u alles van."
2292,sadness,sadness,neutrality,Heb je al iets tegen Sjoerd gezegd?
2010,neutrality,neutrality,neutrality,Waar is je vader?
989,surprise,surprise,surprise,Hm?
646,surprise,surprise,fear,"Sam, zullen we dit eerst even rustig bespreken?"
3996,happiness,sadness,neutrality,"Met jou, met Teddy. Met ons."
3307,neutrality,sadness,sadness,"Vind ik heel lief, maar m'n hoofd staat er even niet naar."
1252,neutrality,sadness,neutrality,Hij wil graag bij Teddy zijn.
6614,neutrality,neutrality,surprise,Precies. Dus?
8296,anger,disgust,anger,Hij forceert 'n kans. Hij staat hier toch niet voor niks voor de deur?
5285,sadness,neutrality,neutrality,Wat?
6300,surprise,happiness,surprise,Meen je dat? Dus 't komt weer helemaal goed met haar?
198,neutrality,neutrality,neutrality,"Geloof me, dit is de enige kans waarop je jezelf kunt redden."
368,anger,happiness,happiness,"Lijkt me logisch, ik hou van je."
3809,sadness,disgust,sadness,Laat maar.
7303,anger,anger,neutrality,Jij weet dat er ook meer is.
1983,happiness,happiness,neutrality,"ok, dan vraag ik m'n vader."
81,anger,disgust,disgust,"Ik mag niet eens informatie verstrekken, laat staan... je vraagt me in te grijpen in het genezingsproces van Malena. Met de gevolgen die dat voor haar kan hebben. Dat is tegen alles waar ik als arts voor sta, Ludo."
161,disgust,fear,neutrality,Heb je Marcus gesproken?
1226,sadness,fear,neutrality,ja. Die had ik weggebracht omdat ik als enige niet gedronken had.
3265,happiness,sadness,sadness,Wat jammer dat het niks is geworden met jou en Robert.
842,disgust,happiness,neutrality,"Ze wilde bij mij komen wonen. Ga eerst even rustig met je moeder praten, zei ik."
652,anger,anger,anger,Mama begrijpt niet hoeveel 't voor me betekent om met 'm te trouwen.
6816,neutrality,neutrality,happiness,"Ik denk dat 't wel goed voor je is. Dingen ondernemen, afleiding zoeken. Het valt best mee."
4585,sadness,disgust,disgust,Die vrouw is erop gebrand om mij te ruineren. Ze heeft er vast 'n vermogen voor over om iemand om te kopen.
3185,sadness,neutrality,neutrality,en ik wilde uitleggen waarom hij niet zou komen. Die sponsordeal speelde ook mee.
544,anger,neutrality,neutrality,En heb je nog ergens 'n fatsoenlijk pak liggen?
4454,sadness,fear,fear,"Schat, ik word... Ik word steeds verder de vernieling in geholpen als ik niet uitkijk. En wat is dat mens van plan? Wanneer is het genoeg voor haar? Wie is het?"
74,sadness,fear,fear,"Maar ik was zo bang. Ik dacht: Als ze dat m'n tante aandoet, wat staat me dan te wachten? Ik had het beloofd, ik durfde niet te weigeren."
4256,happiness,happiness,happiness,Jij haalt het ook.
1490,happiness,happiness,happiness,"Ja, ik ben er definitief van bevrijd."
3927,fear,fear,fear,"Ze redt het wel, toch? En Thijs ook?"
16,neutrality,sadness,neutrality,"Ik heb daaraan meegeholpen, daarom ben ik geinfiltreerd."
2646,fear,sadness,neutrality,Ik weet het niet.
5039,neutrality,neutrality,neutrality,Ik geef dit wel door aan Laura.
4899,surprise,fear,fear,"Ze maakt me af. Ze weet niks over 't casino en dat wil ik zo houden, ok?"
298,fear,neutrality,neutrality,Daar kom ik op terug.
82,neutrality,neutrality,neutrality,Ik heb een ontmoeting gehad met Bill Norris.
3393,neutrality,sadness,neutrality,Nee... andere prioriteiten stellen is misschien beter gezegd.
92,neutrality,neutrality,surprise,Er is toch wel een middeltje om 'r bij te brengen?
4369,neutrality,neutrality,happiness,Ik weet dat ze zeer binnenkort op de markt zullen komen.
96,surprise,neutrality,neutrality,Dat was in opdracht van Maddy. Zodat ik informatie kon verzamelen over Sanders Inc.
2999,anger,anger,anger,Jij maakt iedereen knettergek.
8107,fear,sadness,sadness,Hij was er net al en hij wordt helemaal gek van me.
1103,fear,sadness,neutrality,Ik ga naar het ziekenhuis.
115,disgust,neutrality,disgust,Weet je hoelang ik hier al ben? Hoeveel dagen en nachten? Ik weet het zelf niet eens meer. Ik wilde hier zijn als je bijkwam.
4451,surprise,happiness,happiness,"Ja, en daar wil ik je graag bij helpen."
1675,happiness,happiness,happiness,"Ja, ik wil."
311,neutrality,neutrality,neutrality,Maar eind van de maand hebben we mogelijkheden.
3807,fear,neutrality,neutrality,Thijs is waarschijnlijk een match maar...
5230,happiness,happiness,disgust,"Wat sta je daar nou, man? Kom hier."
2760,neutrality,neutrality,fear,Maar wat wij samen hebben… dat is toch sterk genoeg om samen verder te gaan?
1097,neutrality,neutrality,fear,We moeten het ze tegelijkertijd vertellen.
7964,neutrality,neutrality,neutrality,Ik vroeg 't me alleen maar af. Doe je nog andere dingen tegenwoordig dan schilderen?
1365,neutrality,sadness,sadness,"Ik wou dat ze van jou was, echt."
2951,neutrality,sadness,sadness,"Kijk, als ik kon... maakte ik 'n huwelijksreis met je van drie maanden."
785,anger,anger,sadness,"Ik sta achter jou, maar wil m'n vader niet laten vallen omdat ik 'm snap."
3061,surprise,surprise,surprise,Een abortus?
281,surprise,surprise,sadness,Ze heeft d'r leven op het spel gezet voor mij.
656,sadness,disgust,fear,En ze denkt dat ik het nog moeilijker krijg... als ik met hem trouw en hij straks dood is.
3983,happiness,happiness,happiness,Hoe je hiermee omgaat. Jij verandert elke tegenslag in iets positiefs.
3294,neutrality,fear,fear,"Ik denk 't echt, dus laten we daar maar van uitgaan, ok?"
614,happiness,happiness,happiness,Al is het alleen maar omdat jij veel betere genen hebt dan Thijs.
3319,neutrality,neutrality,disgust,"Dus je moet hem of negeren, of voor eens en voor altijd... duidelijk maken dat jullie niet voor niets exen zijn."
988,surprise,surprise,surprise,Ze nam het helemaal niet goed op. Ik heb echt iets heel anders gezien.
2023,disgust,happiness,fear,Ik kan haar niet in de steek laten.
2278,neutrality,neutrality,anger,Ze is evengoed mijn dochter als de jouwe.
549,neutrality,neutrality,neutrality,"Ja, nou, ik zal voor jullie duimen. Ik ga ervandoor, ik kom uit 'n nachtdienst, ik ga effe slapen."
2308,surprise,fear,fear,Wanneer is de dokter voor 't laatst geweest?
2174,sadness,sadness,happiness,"Lieverd, je hebt haar zo veel liefde gegeven."
70,fear,sadness,neutrality,"Daarna heb ik een tijd niks van 'r gehoord, ik was het al vergeten. Tot ik een keer thuiskwam en toen zat ze daar op de bank... en ze zei: Het is tijd. Ze was niet meer vriendelijk. Bikkelhard."
3435,neutrality,surprise,surprise,Dat had ik niet verwacht. En dan bedoel ik ook dat ik dat echt niet had verwacht.
1345,neutrality,neutrality,surprise,Waarom vertelt Sjoerd zoiets aan jou?
4351,neutrality,neutrality,neutrality,Wat is nu eigenlijk bewezen?
3231,sadness,fear,fear,Zijn levenswerk dreigt uit elkaar te spatten. En als hij nu ook nog z'n dochter verliest...
3853,surprise,neutrality,fear,Dat risico blijft even groot.
906,fear,fear,disgust,Ik zit ondergedoken. Dat zeg ik dus niet.
1329,anger,anger,anger,Dat weet ik toch zelf ook wel?
5866,anger,neutrality,happiness,Wij gaan even een biertje drinken.
1079,sadness,fear,sadness,Als ze geen nieuwe lever krijgt wel.
2849,neutrality,surprise,surprise,Wat is dit?
2877,disgust,happiness,disgust,Vertrokken. Hij vond het niet de moeite waard om iets te zeggen.
1554,anger,happiness,fear,"Ik snap dat 't lastig is, we hebben elkaar 'n tijdje niet gesproken. Maar dat betekent niet dat ik niet aan je hebt gedacht."
1915,neutrality,sadness,sadness,Misschien had ik meer interesse moeten tonen.
3894,anger,disgust,sadness,Het gaat wel weer.
4354,surprise,neutrality,neutrality,"De sluit niet uit dat Ludo opdracht heeft gegeven, maar... vooralsnog is niks bewezen."
7929,happiness,anger,anger,Als je niet zo idioot zou doen dan zou ik 't wel weten.
2689,surprise,sadness,sadness,"Sorry. Ik snap ook niet wat er gebeurd is tussen ons, het was zo..."
1213,sadness,anger,anger,Daar gaat 't nu niet om.
983,sadness,disgust,fear,"Hoe gaat het met de medicijnen, ben je misselijk?"
1147,happiness,happiness,neutrality,Ik jou ook.
1670,neutrality,neutrality,fear,Wat kan er allemaal gebeuren?
59,disgust,anger,disgust,Die je mishandelde. Of is dat ook gelogen?
534,neutrality,neutrality,neutrality,Van Sacha d'r studie.
375,anger,happiness,happiness,"Ik wil je vrouw worden, Olivier. Ik weet het zeker."
2669,neutrality,sadness,fear,"Er is een scan gemaakt. Er zijn uitzaaiingen naar z'n hoofd, met name de frontaalkwab."
2706,sadness,neutrality,fear,Hoe is het met Teddy?
525,surprise,surprise,surprise,Wat heb jij nou gedaan?
540,anger,happiness,happiness,Ja. Linda kan niet wachten om mijn vrouw te worden.
389,neutrality,fear,happiness,Sam heeft Olivier ten huwelijk gevraagd.
7878,anger,surprise,anger,Het is Valentijnsdag nota bene.
3498,anger,happiness,neutrality,"Meneer Eagle Meagle, met Kimberly Sanders."
2991,sadness,anger,anger,"Als jij geen fout had gemaakt, zaten wij nu niet in de shit."
2493,surprise,anger,disgust,Waarom loop je achter me aan? Ik wil niet met jou gezien worden.
8065,happiness,happiness,disgust,Promotie gemaakt?
2024,fear,surprise,anger,Dat vraag ik toch ook niet van je?
3170,anger,happiness,happiness,Maar het is in ieder geval fijn dat de keuken af is.
7648,sadness,anger,neutrality,Ik weet niet wat ik moet opschrijven.
1518,happiness,neutrality,neutrality,"Als je van gedachten verandert, je weet me te vinden."
2611,fear,sadness,disgust,Ik kan geen koffie meer zien. Jij?
834,sadness,neutrality,fear,Moeten wij nu niet als ouders van de aanstaande van alles bespreken?
2014,surprise,neutrality,fear,Is er misschien 'n plek waar ze graag samen naartoe gaan? Wat weet je precies? Is er 'n plek waar hij zich graag terugtrekt?
605,anger,anger,disgust,Ik word gek van jou. Ga naar huis.
2691,disgust,anger,surprise,Denk je echt dat ik 'm dit ga vertellen?
6434,surprise,happiness,fear,Betekent dat dat wij...
1863,sadness,sadness,neutrality,Laten we even gaan zitten.
100,sadness,fear,neutrality,Ik heb jouw identiteitsbewijs gekopieerd en dat van Bing.
1331,anger,anger,anger,Het gaat erom dat Thijs uit die kamer weg moet.
4193,surprise,neutrality,sadness,Nee. Daar heb ik de rust niet voor.
3371,anger,anger,fear,Je kan hem dit niet alleen laten doen.
4197,sadness,neutrality,neutrality,We kunnen beneden wachten. Voor als ze ons nodig hebben.
7514,sadness,sadness,sadness,"Ik ben nooit gestopt van haar te houden, maar dat is niet wederzijds."
2139,happiness,happiness,happiness,"Welterusten, lief. Je laatste nacht alleen."
140,surprise,fear,fear,Ik denk dat Sanders Inc. verwoesten nog maar het begin is.
3500,anger,anger,anger,Arrogante eikel.
68,surprise,fear,neutrality,Daarna is ze nog keer langs geweest. Om te zeggen dat ze ooit om een wederdienst zou vragen.
3080,happiness,sadness,sadness,Heel veel. We hebben nog maar zo weinig tijd samen.
4263,anger,happiness,neutrality,"Dus gebruik je fantasie rond etenstijd, en 's nachts natuurlijk."
3283,sadness,neutrality,neutrality,Ik probeerde van iets negatiefs iets positiefs te maken.
4421,neutrality,neutrality,neutrality,Ik heb 'n stroman geregeld. Ik zorg voor de financien.
7470,happiness,neutrality,anger,Het was toch de afspraak dat ik dit zou terugbetalen?
6373,neutrality,neutrality,neutrality,"De volgende is over een uur, dus ik heb nog even."
265,sadness,disgust,sadness,Ik ben moe.
3955,sadness,fear,fear,"Als hij doodgaat, is dat ook mijn schuld."
3535,anger,happiness,neutrality,"Geen idee, maar ik verzin wel iets leuks."
7696,anger,happiness,happiness,"En je bent er nu, op de mooiste dag van m'n leven."
4187,surprise,anger,neutrality,Hoe kan ik daar nou niet aan denken?
1117,anger,sadness,neutrality,Is het daarom uit tussen jullie?
51,fear,sadness,happiness,Ik hou net zo veel van jou als jij van mij.
3340,neutrality,neutrality,neutrality,Ik wil dat jij een succes wordt.
1652,sadness,sadness,anger,Je hebt zelfs m'n hele collectie gemist.
380,surprise,surprise,sadness,Dat was helemaal niet mijn bedoeling.
8028,fear,sadness,neutrality,"Serieus? Nee, natuurlijk, ik doe dat. Nee, ik waardeer juist enorm dat je mij dit laat doen. Niemand geeft Ludo liever 't laatste zetje dan ik."
3279,anger,anger,anger,En niet alleen dat van mij. Ook dat van m'n zusje. Denk je dat zij wil dat fans van mij haar aanspreken op straat?
1768,anger,neutrality,neutrality,Je gaat direct de grens over.
3321,surprise,neutrality,neutrality,Of je hebt iets gedaan waardoor hij denkt dat je hem nog wil.
1110,sadness,sadness,sadness,Ook niet voor heel even?
1209,anger,sadness,sadness,"Ja, dat bedoel ik. En... als ik 't over kon doen, dan zou ik 't anders doen, echt waar."
125,surprise,anger,neutrality,Hoe dan?
1093,surprise,anger,neutrality,Kunnen we in ieder geval met die screening beginnen?
560,sadness,neutrality,sadness,Waarom wil hij dan nu ineens niet meer?
3750,neutrality,neutrality,neutrality,Het alternatief is niet liegen.
169,fear,sadness,neutrality,Dat weet je toch? Omdat mijn tante me vroeg... Nee.
529,neutrality,neutrality,happiness,En bedankt ook dat we voorlopig bij jou mogen logeren.
195,surprise,fear,anger,"En toch is het zo. En omdat ik het niet wilde doen, heeft ze geprobeerd me te vermoorden."
1058,anger,anger,sadness,Ik had kunnen helpen. Ik had naar Hawaii toe kunnen gaan. Om er voor je te zijn.
1497,anger,happiness,neutrality,Gaan wij trouwjurken passen.
4222,neutrality,neutrality,neutrality,Pas op dat je niet met de hand in de blender komt. Dan doe je dit erbij.
4140,neutrality,neutrality,neutrality,Als hij ooit nog komt... een groene cappuccino.
4041,anger,anger,anger,Dan heb je iets om aan terug te denken. Ik hoop dat je kapotgaat aan de gedachte...
2284,neutrality,happiness,neutrality,Wil jij verse croissants?
1526,surprise,fear,neutrality,Ik vertel je alles als je mij helpt om haar terug te vinden.
3174,sadness,surprise,surprise,Wat? Hoe weten die mensen dat?
2938,neutrality,anger,neutrality,"Hee, niet zo ver weg. Dan moet hij zich te ver uitrekken."
4755,happiness,sadness,neutrality,"Nee, het moet een grote, sterke boom zijn, waar ik tegenaan kan leunen. En waar ik onder kan schuilen als het regent."
189,surprise,surprise,neutrality,Weet ik niet. Ik heb 'r nooit ontmoet.
1796,neutrality,anger,anger,Eerst sleur je me 't bed in en nu gaat 't te snel?
6185,happiness,happiness,surprise,Jullie zijn zo erg.
6406,surprise,sadness,neutrality,"Sorry, ik wilde je waarschuwen maar hij was al weg."
3674,sadness,neutrality,neutrality,Ook niet of zij het brein hierachter is. Misschien is ze ook maar een klein schakeltje.
2997,anger,anger,sadness,Wat schiet ik daarmee op? Aysen heeft net ons kindje weg laten halen.
124,surprise,fear,neutrality,Misschien wel.
639,sadness,sadness,neutrality,"Ja, dat weet ik."
2795,sadness,fear,fear,Ik weet dat ik uitzaaiingen naar m'n hoofd heb. Maar ik wil weten wat me te wachten staat.
381,neutrality,sadness,happiness,Ik hou van Anton.
4180,anger,anger,fear,Thijs gaat alles doen om Teddy van me af te pakken.
4276,sadness,disgust,anger,fuck. nee.
8370,sadness,anger,neutrality,"Het klinkt misschien lulliger dan 't is, maar dat is niet mijn probleem."
3208,neutrality,anger,neutrality,Laat me raden: Je hebt het te druk?
4859,surprise,fear,fear,Krijg je medicatie? Word je behandeld? Hoe gaat zoiets?
1664,neutrality,happiness,happiness,Ik wil alleen maar met je trouwen als je er zo uitziet.
848,happiness,happiness,neutrality,Ik hoor het nog wel. Pas goed op haar.
6545,anger,neutrality,neutrality,"We hadden 'n overeenkomst, we waren bezig met de voorwaarden."
2869,anger,happiness,neutrality,"Ze wil jong, excentriek talent een kans geven. Nu kennen mensen hem niet, maar hij gaat 't helemaal maken."
808,sadness,fear,neutrality,"Ja, ik doe het. Ik ga het nu doen, ik doe het nu. Denk ik."
5464,anger,happiness,neutrality,Heb ik jou al gezegd dat ik van voetbal hou en bier?
6008,sadness,disgust,anger,Waarom heb je me niet gebeld?
1301,happiness,happiness,fear,Maar... dit betekent toch dat je zwanger bent?
435,happiness,happiness,neutrality,"Nee, die moet nog duizend dingen regelen voor de bruiloft."
160,neutrality,happiness,happiness,"Ik hoorde dat je bijgekomen was, dus dacht: even kijken hoe 't met 'r is."
1606,happiness,happiness,happiness,"Je gaat trouwen, Sam. Je gaat gewoon echt trouwen."
1159,sadness,fear,neutrality,Sjoerd is haar vader.
2657,sadness,fear,sadness,"Ik deed het voor jou, omdat ik van je hou en je niet kwijt wil."
1668,surprise,fear,anger,"En wij doen aan tradities? shit, we hebben seks voor het huwelijk gehad."
6967,sadness,disgust,sadness,"Dit gaan we dus niet doen. Geen romantische toespelingen, geen zon in de zee zien zakken..."
5336,neutrality,happiness,happiness,Lekker koken.
2370,happiness,happiness,happiness,Omdat je de leukste en de mooiste bent.
2755,neutrality,sadness,fear,"Shit, Ays... Ik weet niet of ik mezelf dit ooit kan vergeven."
3010,fear,fear,neutrality,Papa.
5391,surprise,neutrality,neutrality,Dus ik dacht... kan ik niet een paar weken bij jullie logeren?
2013,disgust,surprise,surprise,Niet dat ik weet. Hoezo?
2076,neutrality,neutrality,surprise,Ik denk dat ze... hier al die tijd onbewust naar gezocht heeft.
4412,surprise,happiness,neutrality,Wat heb je te verliezen?
1420,sadness,neutrality,neutrality,"Hee, m'n sjaal. die ligt bij m'n dochter. Vindt ze lekker zacht."
2008,sadness,fear,anger,Maar dat kan niet. Maar als die deur niet geforceerd is... Wat zegt die bewaker dan? Wat een sukkel. Vind haar.
1108,anger,sadness,sadness,Want hiv is voor heel veel mensen die vieze homo- ziekte. Die ik- blijf- het- liefst- uit- z'n- buurt- ziekte.
2750,surprise,fear,fear,Wilde je een zelfmoordpoging doen of zo?
3269,disgust,surprise,surprise,Jij twijfelt toch niet aan mijn huwelijk?
8272,surprise,anger,neutrality,Dat laat je dan op 'n originele manier merken.
3596,neutrality,neutrality,fear,Ik heb geen keus. Ik kan geen kant meer op.
1595,neutrality,neutrality,neutrality,Ik heb er iemand op gezet. Ik kom altijd verder dan de politie.
5985,sadness,neutrality,neutrality,Niet nu.
6921,anger,disgust,neutrality,"ja, aan 't werk. Welke fans?"
4425,happiness,happiness,neutrality,Hebben we een deal?
498,anger,anger,neutrality,Volgens mij trouw je met iemand omdat je daar 'n toekomst mee ziet.
1597,sadness,disgust,anger,Je zult het ermee moeten doen.
2679,anger,neutrality,neutrality,Nee. Hij is heel even bij geweest en toen viel ie in slaap.
2173,sadness,fear,fear,Ik ben zo bang dat ze nooit meer iemand zal vertrouwen.
1346,neutrality,neutrality,neutrality,Hij moet 't toch aan iemand kwijt?
60,sadness,fear,disgust,"Alles wat ik over hem verteld heb, is waar. Ik was doodsbang voor die man."
7954,sadness,neutrality,happiness,Zodat we over 'n paar jaar fijne herinneringen hebben.
3607,sadness,anger,anger,"Ja. Degene die we hadden geregeld, heeft afgebeld."
2944,surprise,happiness,happiness,Gisteren dachten we dat je niet naar huis mocht… en nu lig je hier als een koning.
3166,sadness,sadness,fear,Als Thijs niet op tijd opknapt...
3310,neutrality,surprise,fear,Ik wist niet dat hij ziek was.
178,surprise,happiness,surprise,Waar komt dit allemaal vandaan? Je bent toch niet zwanger?
93,sadness,anger,disgust,"Hoor je nou wat je zegt, dit kun je toch niet menen?"
306,happiness,happiness,happiness,"Romantisch, toch? We willen het graag hier doen."
1149,neutrality,fear,fear,"Lieverd, er is iets dat je moet weten."
275,surprise,sadness,sadness,"Vanaf we verliefd werden, heeft ze alles geprobeerd om los te komen..."
3203,surprise,surprise,surprise,Hadden wij iets afgesproken?
2801,sadness,fear,neutrality,Wat zei de arts?
3554,sadness,sadness,fear,Ik vind het gewoon zo heftig allemaal.
2751,neutrality,happiness,sadness,Ik ben in elk geval blij dat je nog met me wilt praten.
654,anger,anger,sadness,Maar mama... ze behandelt me nog steeds als een klein kind. Ze denkt nog steeds dat ze m'n leven kan bepalen.
4725,sadness,sadness,disgust,Ik wil gewoon rust.
1063,sadness,sadness,neutrality,"Aan het begin niet, uiteindelijk wel."
8297,anger,disgust,neutrality,Sam praatte d'r mond voorbij over die kus. Hij heeft er niks over gezegd.
4502,sadness,sadness,sadness,Ik vind 't zo erg wat ik je heb aangedaan.
328,happiness,happiness,fear,Waarom heb ik het gevoel dat er iets aan de hand is?
7805,fear,fear,surprise,Waar kan hij naartoe gaan? Zo ver mogelijk weg.
3065,disgust,sadness,sadness,Ik had geen keuze.
4462,anger,anger,anger,Wist hij 't allang en heeft hij mij heel bewust besmet.
781,surprise,neutrality,neutrality,Wat is goed? Ik ben met 'r getrouwd geweest.
3562,sadness,neutrality,sadness,"Positief. Dus ik heb het van hem, dat kan niet anders."
201,neutrality,disgust,fear,Ik moest in opdracht van Maddy voor jou werken. Ik heb vanaf het begin af aan tegen je gelogen.
3263,surprise,happiness,happiness,Goed.
3906,surprise,neutrality,happiness,Het is juist heel goed dat Olivier dit doet.
254,surprise,happiness,happiness,Hee lievie.
408,surprise,surprise,neutrality,Goed idee.
4423,fear,neutrality,neutrality,Dat is een kwestie van vertrouwen.
1045,anger,anger,fear,We kunnen er niet onderuit. We moeten zeggen dat ie niet haar vader is.
6908,disgust,anger,anger,Negen uur had ik gezegd.
3881,neutrality,neutrality,neutrality,"Ja. Als Olivier zover is, waarschuwt hij zijn huisarts..."
811,fear,sadness,sadness,Als dat het nou moeilijker maakt? En heftiger?
2735,happiness,happiness,happiness,"Flatteus, dat moet ik zeggen."
2690,anger,fear,anger,Anton mag hier iets van horen.
5006,anger,anger,surprise,Waarom heb ik 't gevoel dat je niet enthousiast bent? Je mag 50.000 euro uitgeven. Wie wordt daar nou niet blij van?
4384,neutrality,neutrality,anger,Hij claimt dat hij Sanders misbruikt heeft voor z'n witwaspraktijken.
12,sadness,sadness,neutrality,Het heeft met Ludo te maken.
3861,surprise,surprise,surprise,"Sorry, dat probeert u toch te zeggen?"
3528,fear,neutrality,neutrality,"Vergeten te halen, kan je alsjeblieft naar de winkel?"
3615,happiness,surprise,sadness,Heb je eigenlijk wel zin in vanavond?
563,sadness,fear,neutrality,Maar als je bent getrouwd maakt dat het allemaal veel moeilijker. Denk alleen aan al die praktische dingen die je moet afhandelen.
2245,sadness,neutrality,neutrality,Sjoerd... Hoe is het nu met Aysen en Teddy?
4348,neutrality,neutrality,neutrality,Hij begint te vermijden om in 't openbaar te verschijnen.
748,surprise,happiness,neutrality,Hoe is het gegaan met je exen?
7854,surprise,happiness,happiness,Tuurlijk. Graag zelfs.
7417,sadness,neutrality,neutrality,Waarom vertel je Nina ook niet over jou en Noud?
3594,neutrality,neutrality,neutrality,Ik neem het aan.
587,anger,sadness,sadness,Ik heb me 'n tijdje 'n waardeloze vader gevoeld toen ik vastzat. Dat is niet te vergelijken met jouw situatie nu.
3476,sadness,sadness,disgust,"Man, wat kut voor je."
3623,surprise,neutrality,happiness,Plaats een oproep op Kwebbelkous. Vraag rond bij je vrienden. Zit je al op Smoelaria?
2754,surprise,neutrality,sadness,Een abortus gehad. Ja.
1360,fear,anger,anger,Ik ben 't er niet mee eens.
2803,fear,sadness,neutrality,Wat is de inschatting?
3250,fear,happiness,happiness,Fijn dat Olivier in ieder geval weer thuis is.
5594,anger,neutrality,neutrality,Kan ik nog iets voor iemand meenemen?
979,surprise,surprise,surprise,Dus je weet het al een tijdje.
6645,fear,neutrality,disgust,Dat is de meest logische stap als ze hem wil ruineren.
800,disgust,anger,disgust,Als mensen onveilige seks hebben is 't hun eigen verantwoordelijkheid... om zich eens in de zoveel tijd te testen?
3672,anger,neutrality,neutrality,"Er zijn steeds verrassingen, zoals nu mijn priverekeningen. Het is niet de het is Maddy."
2685,anger,anger,anger,Kan dit 'n andere keer? Dit is niet het moment om onze vrijpartij te evalueren.
1777,fear,anger,surprise,Wat doe jij hier?
3206,surprise,fear,neutrality,"Ik heb om half 1 de afspraak, ik vind 't heel fijn als je meegaat."
3747,happiness,happiness,happiness,"Goed, heel goed. Heel erg goed, we zijn nog alle twee verliefd."
227,happiness,happiness,happiness,"Pap, alles zit er voor je in."
2437,happiness,happiness,happiness,Heb ik je al gezegd dat je er beeldschoon uit ziet?
4038,disgust,happiness,sadness,Dat je ons weer een kans geeft. Ik snap heus wel dat 't niet meteen goed is...
2995,anger,anger,disgust,Hoe moeilijk is 't om uit te rekenen hoelang je zwanger bent? ik weet ook niet waar 't fout is gegaan. '
3479,surprise,anger,anger,Die artsen hier hebben geen idee waar ze het over hebben. Ik heb helemaal geen hiv.
342,happiness,happiness,happiness,"Ze maakt me gelukkig. We kunnen nu een nieuwe start maken, een eerlijke."
1611,surprise,surprise,neutrality,"Sorry, Dat brengt ongeluk."
4437,surprise,surprise,neutrality,Maar wie is dat dan? Ken je die man?
2758,fear,sadness,happiness,Ik hou zo ontzettend veel van je.
1427,disgust,neutrality,neutrality,Zo snel mogelijk.
4278,disgust,sadness,fear,Sorry. Ik ben de tijd helemaal vergeten. Ik ben die vlog vergeten.
1019,happiness,happiness,surprise,Is dit wat ik denk dat het is?
2477,anger,happiness,happiness,Wat staan jullie daar nou? Is toch goed nieuws?
1120,sadness,sadness,neutrality,Omdat het misschien lunchtijd is?
279,anger,anger,anger,"Ze werd gedwongen, afgeperst."
2640,sadness,sadness,anger,"Na alles wat we ervoor gedaan hebben. En waarom, Aysen?"
3374,disgust,neutrality,neutrality,Ze komt er echt wel op terug. Er is 'n hoop gebeurd...
1528,happiness,happiness,neutrality,Ze zijn gaan poolen. Top.
3245,anger,anger,sadness,"Ik hou van papa, maar ik moest dit doen. Van mezelf en van niemand anders."
1592,neutrality,neutrality,fear,"Ja, ze weten dat ze weg is, maar hebben geen aanknopingspunt."
1061,sadness,sadness,neutrality,In het zelfde huis als Amy en Sil.
4432,disgust,fear,neutrality,Zij betaalt hem toch? Volg het geld.
2919,surprise,disgust,disgust,Je hebt niet eens aangevoeld dat Teddy je dochter niet is.
2631,surprise,anger,anger,Waarom neem je je telefoon niet op?
4239,sadness,neutrality,neutrality,"Sam, ik heb erover nagedacht. En als jullie me dit toevertrouwen dan... ok."
1577,sadness,disgust,sadness,Is er een manier om onze band weer op te bouwen?
2519,disgust,sadness,neutrality,Het is al gebeurd.
2559,disgust,disgust,neutrality,"Je hebt genoeg kinderen, Bram, Teddy..."
3396,happiness,happiness,neutrality,Dat dacht ik al.
1549,sadness,sadness,anger,"of wat ik bedoel te zeggen is dat... Ik kan er niks aan doen... maar het is nou eenmaal zo, dus ik moet er wat mee. Of jij moet er wat mee. Sorry, jezus."
7594,surprise,surprise,neutrality,Wat ga je doen?
3059,sadness,sadness,neutrality,"De was gelukt, maar Aysen heeft 't kindje weg laten halen."
900,surprise,neutrality,neutrality,Jij?
1428,disgust,fear,neutrality,"Ik ben net zwanger, dus misschien kan die overtijdbehandeling nog."
4176,neutrality,fear,neutrality,Job wil weten hoe het is gegaan. En Rozemarijn en de buurvrouw.
8288,fear,disgust,disgust,"Nou, hij zoende mij. Ik duwde hem meteen van me af. Dat gebeurde in 'n fractie van 'n seconde, en dat staat op de foto."
1529,disgust,happiness,happiness,"Wel super dat we ze effe mee mochten nemen, he?"
1641,disgust,neutrality,happiness,"Nee, integendeel. Ik zie jou en Nina heel graag samen."
3379,fear,fear,neutrality,Dat ze mij niet meer wil zien... als ik haar niet haar eigen keuzes laat maken.
4832,disgust,happiness,neutrality,"Zomaar, ik... Ik wou even zien hoe je woont."
3710,sadness,happiness,happiness,Ik hou van je.
2829,happiness,neutrality,neutrality,Hoe groot de problemen ook zijn tussen Bing en mij... ik ben blij dat jullie je verzoend hebben.
3509,anger,anger,anger,Dan los je het ook maar weer op.
1101,neutrality,neutrality,neutrality,Het bloed afnemen is nog even uitgesteld. Maar hij dringt nu aan op een screening.
3253,surprise,neutrality,neutrality,"Nee, die kunnen we natuurlijk niet alleen laten."
3219,disgust,anger,anger,"daar moet ik het mee doen? Nee, nee, helemaal duidelijk. Bedankt. De golfclub dreigt me te royeren. Omdat de contributie niet kon worden afgeschreven."
4505,sadness,sadness,neutrality,"Gewoon, stap tegelijk."
1594,anger,neutrality,neutrality,Wat kan jij doen?
4860,sadness,disgust,neutrality,Ik moet m'n pillen op 'n vast tijdstip innemen.
1808,surprise,happiness,neutrality,"Ik ben Janine, de moeder van Lucas, maar dat had je al door."
6388,anger,disgust,surprise,Wat zoek je in m'n spullen?
4000,sadness,sadness,happiness,Ik hou van je.
4034,happiness,happiness,anger,Zal ik de bloemen maar uit de vuilnisbak halen?
4457,fear,sadness,disgust,Het is niet niks om te horen dat je hiv hebt.
981,fear,anger,neutrality,En jij wist het ook al die tijd.
3266,surprise,happiness,sadness,"Och, het was leuk zolang het duurde. En we gaan goed met elkaar om."
294,anger,sadness,neutrality,Heb alles gewist na 't laatste gesprek.
3915,neutrality,fear,neutrality,Vertel eens over dat sterven.
3663,happiness,happiness,happiness,Heb een geweldige avond.
1344,disgust,anger,anger,"Nee. Ik heb al genoeg verpest. Jullie gaan gewoon trouwen, punt."
817,fear,happiness,neutrality,"De ringen, het ja- woord, over de drempel gedragen worden."
7144,happiness,happiness,neutrality,Postzegel.
2861,disgust,anger,anger,Doe niet alsof ik een klein kind ben.
2891,sadness,neutrality,sadness,Je kunt toch niet zomaar breken met je vader? Daar moet je goed over nadenken.
3275,anger,neutrality,neutrality,Als vlogger ben je 'n publiek figuur.
2778,disgust,anger,anger,Ga weg.
6031,disgust,neutrality,neutrality,Ik wil me even excuseren voor daarnet.
277,anger,neutrality,neutrality,We hebben alles uitgebreid besproken en ik begreep waarom ze zo deed.
1572,anger,sadness,sadness,onze ruzie. Hoe ik het anders had moeten doen. Had ik m'n mond moeten houden en jou laten trouwen... terwijl ik dacht dat je een fout maakte?
2989,disgust,anger,surprise,Ik wilde alleen afscheid nemen van Teddy. Hij sloeg mij.
2672,neutrality,neutrality,neutrality,Dat is duidelijk.
881,disgust,fear,fear,Malena is ontvoerd uit het ziekenhuis.
4178,anger,fear,fear,Ik ben doodsbang dat Teddy 't niet haalt. Als ze 't wel haalt raak ik haar misschien ook kwijt.
3865,neutrality,neutrality,neutrality,Ik laat alle voorbereidingen treffen.
2996,anger,anger,fear,Ik deed 't niet expres.
1010,neutrality,neutrality,happiness,"Ook lekker, als je ervan houdt. Ays, ik heb een saucijzenbroodje voor je meegenomen."
2556,anger,anger,anger,Je had het tegen mij moeten zeggen.
722,happiness,neutrality,anger,Jawel. Je zorgt er maar voor.
1295,surprise,neutrality,neutrality,Je moet 't wel tegen Sjoerd zeggen.
4469,sadness,disgust,surprise,"Is dat niet strafbaar, om iemand opzettelijk te besmetten?"
783,surprise,anger,anger,"Jij hebt een loyaliteitsprobleem, niet ik."
5380,happiness,happiness,surprise,Wie had dat een week geleden gedacht?
3911,surprise,neutrality,neutrality,Dat is wel wat ik wil.
4726,disgust,anger,neutrality,Ik ook.
3857,fear,neutrality,neutrality,Ik ben verplicht u op de risico's te wijzen.
185,anger,fear,surprise,Twee weken? Dat red ik nooit.
3959,anger,sadness,anger,Als ik nog keer 'ik wil je terug' zeg… slaat ze die woorden zo terug mijn bek in.
1667,fear,disgust,neutrality,Het is traditie.
1757,sadness,neutrality,neutrality,Als je liever hier blijft... Veel succes met m'n opvolger.
6923,disgust,anger,anger,En met hun ga je 'n feestje bouwen en mij laat je zitten?
5647,disgust,anger,anger,Ik ben net geopereerd. Ik heb 'n hartstilstand gehad. Hier heb ik geen zin in. Ik ben blij dat ik nog leef.
2896,surprise,anger,neutrality,Dit is geen bevlieging.
1308,surprise,sadness,surprise,Jij wist dit?
1504,surprise,neutrality,neutrality,Je moet het hem toch vertellen.
3373,fear,sadness,sadness,Nina wil me niet meer zien.
3252,surprise,neutrality,neutrality,Ehm... Vanwege Sam en Olivier bedoel ik.
1334,anger,disgust,sadness,Aysen heeft het uitgemaakt.
367,surprise,anger,disgust,Geen grap? Nee! Waarom in godsnaam?
296,fear,disgust,disgust,Ehm... Ze heeft gif in mijn infuus gespoten. Ze houdt van controle.
3204,surprise,fear,fear,Ik moet straks naar het ziekenhuis voor die test en ik wil niet alleen.
1384,sadness,sadness,neutrality,Pap.
2624,disgust,neutrality,neutrality,Ga jij naar je vader. Ik wil alleen met 'r zijn.
364,disgust,surprise,surprise,Waarom eet je je verlovingsring op?
3433,surprise,neutrality,happiness,"Hee, Job hier. Met weer een ander filmpje dan jullie gewend zijn."
89,surprise,disgust,neutrality,"We praten er zo verder over, Anna."
3028,disgust,happiness,neutrality,Een grote klant?
120,fear,fear,surprise,Hou je niet meer van me?
2953,surprise,surprise,neutrality,Maar verder dan 't park hier ga ik 't niet meer redden.
117,surprise,sadness,anger,Nu blijkt dat je me al maanden verraadt. Het heeft me mijn relatie met m'n broer gekost en m'n baan.
3985,disgust,happiness,surprise,"Waarom zouden we huwelijken vieren, geboortes en niet het sterven?"
3602,happiness,happiness,neutrality,Anna is een soort van mijn stiefnichtje.
2269,surprise,surprise,neutrality,dat er een relatie bestaat in de eerste graad. bent de biologische vader van Teddy Kramer. '
1875,anger,anger,disgust,Jij bent echt compleet gestoord.
2100,disgust,neutrality,surprise,"En wat ons betreft... wij weten wat we aan elkaar hebben, toch?"
3976,disgust,anger,anger,"Als hij zo nodig wil boeten, laat hem."
5907,surprise,happiness,happiness,En ik heb 'n goed voorstel wat zowel voor jou als voor mij heel interessant kan zijn.
316,disgust,disgust,neutrality,We willen 't zo snel mogelijk gehad hebben.
1042,anger,fear,surprise,Is er iets met Teddy?
3850,surprise,neutrality,sadness,Het is niet ondenkbaar dat hij de operatie niet overleeft.
290,surprise,surprise,surprise,Pardon?
3336,disgust,neutrality,neutrality,Alsofjij vies bent van een beetje aandacht.
414,disgust,anger,disgust,"vader kun je om je vinger winden en manipuleren, maar mij niet..."
4270,surprise,neutrality,surprise,Maar ze kregen iets beters.
3136,surprise,fear,fear,Zijn toestand is op dit moment dermate slecht dat... opereren te risicovol is. Alles hangt nu af van z'n herstel.
119,disgust,sadness,fear,Ik denk dat dit het einde is.
3670,disgust,fear,disgust,Ik weet niet wie hierachter zit... maar hij of zij heeft er heel goed over nagedacht.
2676,anger,sadness,neutrality,Zover is het nog niet.
4380,surprise,anger,neutrality,Luister nou even.
1890,fear,sadness,sadness,"Laat alsjeblieft iets liefs achter, hier beneden in de comments. Voor Job, maar vooral voor Teddy."
2752,disgust,sadness,anger,Praten... Wat lost het op?
2888,anger,anger,disgust,Over de opening gesproken: ik wil ook niet dat je komt.
3221,anger,anger,anger,Daar gaat het niet om. Zo ga je toch niet om met trouwe leden?
1510,surprise,neutrality,neutrality,Je bent goed op de hoogte.
1637,anger,anger,sadness,Je kunt niet van mij verwachten dat ik je zomaar vergeef. Dat uitgerekend jij...
3559,surprise,neutrality,neutrality,Heeft Kasper zich laten testen?
6561,surprise,anger,neutrality,Wat is je vraag?
1789,happiness,neutrality,surprise,Wil je niet horen wat ik te zeggen heb?
1056,disgust,anger,sadness,Je bent mijn broertje. Er overkomt je iets verschrikkelijks.. en je vertelt helemaal niks.
4238,sadness,neutrality,neutrality,Anton.
1715,happiness,happiness,neutrality,Dan moet je misschien wat uittrekken.
1412,surprise,anger,neutrality,Ik wil weten wat jij gaat doen.
1697,anger,anger,fear,Je neemt een andere identiteit aan… en je vlucht.
196,disgust,neutrality,fear,"Je durft niks te zeggen, dat snap ik wel. Maar ik kan je helpen, Malena. Ik kan je tegen haar beschermen."
4146,disgust,neutrality,neutrality,Ik heb als arts een eed afgelegd om mensenlevens te redden.
4308,anger,anger,disgust,Wat is dit? Zoeken jullie 'n zondebok?
4089,surprise,neutrality,fear,Heb je de huisarts al ingelicht?
292,fear,disgust,surprise,Heb je haar ingehuurd om je man te vermoorden?
3722,anger,anger,disgust,Ik heb die vieze ziekte van jou niet. Laat me met rust.
2393,fear,neutrality,neutrality,Je hoeft dit niet te doen.
268,surprise,fear,neutrality,Denk nou alsjeblieft met me mee. Misschien zie je iets over het hoofd.
3385,surprise,anger,neutrality,En jij dan? Jij houdt je bezig met je golfclub en met je auto's en zo.
3078,happiness,happiness,neutrality,"Kom, ik help je."
7495,disgust,neutrality,fear,Daarom juist. Je moet er gewoon een eind aan maken.
2913,surprise,neutrality,neutrality,Ik ga wel met Bing praten. Ze wil dit niet.
2172,sadness,neutrality,neutrality,Jullie band is heel sterk.
8014,surprise,neutrality,neutrality,Volgens Nina kunnen we Maxime vertrouwen.
742,sadness,anger,disgust,Je hoort het ook te weten. Malena heeft de hele familie voorgelogen.
2678,surprise,fear,neutrality,Weet ie dat ik weg ben gegaan?
370,happiness,happiness,neutrality,Dan zet ik weduwe worden op mijn bucketlist.
526,surprise,neutrality,neutrality,"Sportongelukje, kickboksen. Maar ik ben hier voor jou."
2004,surprise,neutrality,neutrality,Als je 't maar op tijd aangeeft. Stoerdoenerij is niet nodig.
3868,neutrality,surprise,neutrality,"Dank je wel, het is echt een enorm..."
1028,fear,neutrality,surprise,"Als dit niet raak is, weet ik het ook niet meer."
4049,neutrality,neutrality,neutrality,Hoe voel je je?
387,fear,surprise,surprise,"Wat? ok, tot zo."
1924,disgust,sadness,fear,Dan moeten ze het weten.
7505,disgust,sadness,neutrality,Ik kon me niet inhouden.
274,anger,anger,neutrality,Dus je was niet meer dan een dekmantel?
7965,happiness,happiness,neutrality,"Voorlopig niet, nee. Het bevalt me prima."
2882,fear,neutrality,happiness,"Meneer Meagle, hai. Zou u zo vriendelijk willen zijn... om me zo snel mogelijk terug te bellen?"
6845,surprise,neutrality,neutrality,Kimberly is een nichtje en Noud is een van m'n beste vrienden.
2644,anger,anger,neutrality,Jij denkt dat het makkelijk was. Heb je enig idee hoe erg het was om al die tijd...
101,disgust,anger,disgust,En toen zijn die op onze naam gezet... en daardoor zit ik nu in de shit met Ludo. Deed je dat helemaal niks? Dat doe je me gewoon aan?
1336,sadness,sadness,neutrality,Weet je wat 't erge is? Ik begrijp haar volledig.
3088,surprise,happiness,surprise,"Het gaat niet lang meer duren, dat weet je toch?"
79,anger,disgust,surprise,Begrijp je nou wat je van me vraagt? Een vriendendienst.
3844,fear,neutrality,neutrality,"Nou, de vader blijkt een goede match te zijn."
56,fear,fear,neutrality,Maddy. Die zit overal achter. MaddyEverest.
1335,disgust,disgust,disgust,"Ach, godsamme, jongen."
5813,anger,neutrality,neutrality,"Ik zal bewijzen dat ik je vertrouwen waard ben, 100 procent."
7979,disgust,neutrality,sadness,Nee. Ze hebben het gewoon geen kans meer willen geven.
49,anger,neutrality,neutrality,Kun jij haar bijbrengen?
3957,sadness,neutrality,neutrality,Kan ik gelijk vragen hoe het met Aysen is.
6013,anger,anger,anger,"Ze heeft niks aan jou, nooit gehad ook. Was lekker in Canada gebleven."
4216,surprise,neutrality,neutrality,"Hallo, ik ben Noud en ik... doe een gastoptreden voor vandaag. En wat we gaan maken is... iets groens."
2101,disgust,happiness,happiness,Het kan maar beter duidelijk zijn. Jij hebt gewonnen. Proost.
14,fear,fear,disgust,Je weet dat iemand hem kapot probeert te maken.
6418,sadness,neutrality,neutrality,Maar ze heeft geen geld om daar te wonen.
1009,disgust,neutrality,neutrality,Straks misschien. Ik neem eerst even een broodje kaas.
5597,surprise,happiness,happiness,Een berg kusjes en knuffels van haar voor mij.
4280,disgust,sadness,sadness,Het is echt heel stom van me.
592,sadness,sadness,sadness,Hij heeft het lastiger dan ik. Dat we weer bij papa moeten aankloppen. Maar het allerbelangrijkste is dat Teddy beter wordt. Als de artsen ooit kunnen vinden wat ze heeft.
376,happiness,happiness,happiness,"Heel zeker? Ja! Ja, ik wil. Natuurlijk wil ik."
2042,happiness,happiness,neutrality,"Het kan van alles zijn. Een frisje, water, wodka maar ook rum."
1936,disgust,fear,neutrality,Nee. Dit is zo groot. Misschien heeft Maddy je wel expres laten gaan.
6888,surprise,neutrality,neutrality,Gaat het?
2562,sadness,neutrality,neutrality,Hij is toch de vader.
6625,disgust,neutrality,anger,"Ja, dat vind ik heel erg voor je. Maar om mij nou de schuld te geven."
1858,disgust,disgust,neutrality,"Nou, dat is duidelijk. Je plannetje is mislukt."
1762,fear,fear,fear,Maddy wil me dood hebben.
3045,happiness,happiness,neutrality,En die champagne komt nog wel.
7686,happiness,happiness,surprise,"Niet te gewoontjes, toch?"
2399,anger,anger,disgust,Sjoerd had niet vreemd moeten gaan.
406,happiness,happiness,neutrality,Nee.
1158,sadness,sadness,neutrality,Ik ben de vader.
1066,anger,anger,sadness,Ik dacht dat we iets bijzonders hadden. Kennelijk beteken ik niks voor jou.
2373,happiness,happiness,happiness,Ik hou van jou.
4368,sadness,neutrality,surprise,De aandelen zijn bevroren.
4458,anger,surprise,surprise,"He, wat… Je zat hem zonet nog uit te schelden."
3183,sadness,sadness,neutrality,Ik had het je willen vertellen.
255,anger,neutrality,surprise,Je hebt 'r dus wel ontmoet? Beschrijf haar. Eh...
4732,sadness,sadness,neutrality,Doe wat je moet doen.
1250,sadness,sadness,neutrality,Die is nu bij haar.
2033,anger,happiness,neutrality,We gaan zo weg.
3315,anger,anger,anger,"Nee, het is bloedirritant. Als ik 'm nog keer tegenkom..."
1932,fear,neutrality,surprise,Hoe ben je ontkomen?
1098,sadness,sadness,neutrality,Ik vraag of Aysen hierheen komt.
3377,anger,neutrality,happiness,Jij hebt alles onder controle!
1316,anger,fear,anger,Geen politie. Je maakt alles alleen maar erger.
2584,sadness,sadness,fear,Misschien had ik met Rover mee moeten gaan.
142,fear,fear,neutrality,Ik moet er op de een of andere manier achter zien te komen. Maar eerst moet Ludo weten dat jij en Bing onschuldig zijn.
3274,anger,anger,anger,"De enige van wie ik steun wil, ben jij. Die volgers kunnen me geen zak schelen."
607,anger,anger,anger,Je slaat door.
6617,happiness,surprise,neutrality,"schat, dat was m'n accountant."
86,anger,neutrality,neutrality,"Sorry, heel even. Ik heb een artiestenbureau aan de lijn."
852,happiness,happiness,neutrality,"Ik heb 'm gebeld, want ik wilde dit niet via de telefoon vertellen. Dus hij komt er zo aan."
1695,fear,fear,fear,"Alsjeblieft, laat me gaan, ik zeg tegen niemand iets. Wat ga je doen?"
3565,anger,anger,sadness,Ik heb gezegd dat ik 't hem niet kwalijk neem... terwijl hij mijn hele leven heeft verpest.
304,happiness,happiness,happiness,Anton en ik gaan over twee weken al trouwen.
3179,surprise,neutrality,surprise,Is dit nog van die asielvlog?
546,neutrality,happiness,neutrality,Het is altijd handig 'n mooi pak te hebben liggen. Wie weet komt het nog van pas op jullie bruiloft.
6006,surprise,surprise,anger,En dat hoor ik nu pas?
3928,sadness,sadness,fear,Ik hoop het.
3713,anger,anger,anger,Jij moet ermee ophouden.
2237,happiness,happiness,happiness,Dat heeft jouw bruid voor je geregeld.
1379,sadness,anger,fear,En daar komt bij: Ik hoop niet dat je van plan bent om 24/7 bij mij in de buurt te zijn.
3033,fear,happiness,happiness,"Ja, dat weet ik ook, maar… Laat ook maar. Ik ben echt heel erg blij voor je."
3335,disgust,anger,disgust,Aandachtshoeren dus.
